source_alias,source_relative,packaged_path,role,source_sha256,packaged_sha256,hash_scope,anonymized,bytes
JCE_DATA,hrs_external_application/run_hrs_application.py,analysis/hrs/run_hrs_application.py,HRS_external_application,7d50421defeeb468cd4ca0643451c920d2dbfe9ebaa72ab4c80d8908b03d4a0b,7d50421defeeb468cd4ca0643451c920d2dbfe9ebaa72ab4c80d8908b03d4a0b,Anonymized review source; original local provenance is withheld,True,16706
STAT,legacy_panel_sources/code/analysis/70_complete_evidence.py,analysis/workspace/legacy_panel_sources/code/analysis/70_complete_evidence.py,legacy_survey_build_dependency,a43b66f76f69a84b69b423c4aef19ce636509ca0afc8073c136aaed6374c2229,a43b66f76f69a84b69b423c4aef19ce636509ca0afc8073c136aaed6374c2229,Anonymized review source; original local provenance is withheld,True,19945
STAT,legacy_panel_sources/code/analysis/71_bayesian_adjusted_delta.py,analysis/workspace/legacy_panel_sources/code/analysis/71_bayesian_adjusted_delta.py,legacy_survey_build_dependency,810212a79edd252dbade9ff6f0732cce222fb5e90f5e423cf85bcc4cff048413,810212a79edd252dbade9ff6f0732cce222fb5e90f5e423cf85bcc4cff048413,Anonymized review source; original local provenance is withheld,True,7713
STAT,legacy_panel_sources/code/analysis/72_gcomp_burden.py,analysis/workspace/legacy_panel_sources/code/analysis/72_gcomp_burden.py,legacy_survey_build_dependency,d582359155478e238be5c4ca9f68bdee71dc3707e5ee6d4e2cc85ff3b0318697,d582359155478e238be5c4ca9f68bdee71dc3707e5ee6d4e2cc85ff3b0318697,Anonymized review source; original local provenance is withheld,True,6132
STAT,legacy_panel_sources/code/analysis/73_bayesian_ipd_validation.py,analysis/workspace/legacy_panel_sources/code/analysis/73_bayesian_ipd_validation.py,legacy_survey_build_dependency,1ede645a83417608ceec2ab428ec0368d6e83778aa3aa5d2465d0c96690cc4f1,1ede645a83417608ceec2ab428ec0368d6e83778aa3aa5d2465d0c96690cc4f1,Anonymized review source; original local provenance is withheld,True,13601
STAT,CHARLS/code/06_build_analysis_dataset.py,analysis/workspace/CHARLS/code/06_build_analysis_dataset.py,upstream_CHARLS_preprocessing,e8d2bcef87db33f7ebb3c03cd63f71a611f6ac5f0abaa9b77f33093243405be6,e8d2bcef87db33f7ebb3c03cd63f71a611f6ac5f0abaa9b77f33093243405be6,Anonymized review source; original local provenance is withheld,True,15642
STAT,analysis/state_support_audit/build_audit_package.py,analysis/workspace/analysis/state_support_audit/build_audit_package.py,joint_state_support_and_provenance,688b21955ddda188b0c0ae7d9a7b884bacfc611b10d47bab03e9e7d3b20f3cb2,688b21955ddda188b0c0ae7d9a7b884bacfc611b10d47bab03e9e7d3b20f3cb2,Anonymized review source; original local provenance is withheld,True,25460
STAT,analysis/allocation_simulation/finalize_audit.py,analysis/workspace/analysis/allocation_simulation/finalize_audit.py,audited_simulation_and_history,fc107f2b17e65380fd1c2831215fb6aa016e7809a5fd679cce8d0b413838cc1c,fc107f2b17e65380fd1c2831215fb6aa016e7809a5fd679cce8d0b413838cc1c,Anonymized review source; original local provenance is withheld,True,4094
STAT,analysis/allocation_simulation/run_audited.py,analysis/workspace/analysis/allocation_simulation/run_audited.py,audited_simulation_and_history,a4a57507cd4e20e3a5ac76f2625a59772d91177168d79301e793de1e09afc29d,a4a57507cd4e20e3a5ac76f2625a59772d91177168d79301e793de1e09afc29d,Anonymized review source; original local provenance is withheld,True,13427
STAT,analysis/allocation_simulation/validate_audited.py,analysis/workspace/analysis/allocation_simulation/validate_audited.py,audited_simulation_and_history,96418659b4a16477f56221b663c8257241c3502e515240699a0b0f92f3df3bd3,96418659b4a16477f56221b663c8257241c3502e515240699a0b0f92f3df3bd3,Anonymized review source; original local provenance is withheld,True,3695
STAT,analysis/allocation_simulation/write_report.py,analysis/workspace/analysis/allocation_simulation/write_report.py,audited_simulation_and_history,c6bace957e8890dbe136c7917381da24a67b8c294e14e28a16187d15ad51b693,c6bace957e8890dbe136c7917381da24a67b8c294e14e28a16187d15ad51b693,Anonymized review source; original local provenance is withheld,True,17078
STAT,analysis/published_paper_reconstruction/analyze.py,analysis/workspace/analysis/published_paper_reconstruction/analyze.py,CVAI_reconstruction,7ae29c7ce27bd832c19bc32ea0aa261dad40f0e5f6adde8f73afa2147fa84094,7ae29c7ce27bd832c19bc32ea0aa261dad40f0e5f6adde8f73afa2147fa84094,Anonymized review source; original local provenance is withheld,True,11684
STAT,analysis/published_paper_reconstruction/build_local_input.py,analysis/workspace/analysis/published_paper_reconstruction/build_local_input.py,CVAI_reconstruction,0acbf420c742a3a53f0afd0411155861fb295801fc7e4da573308e7fc03b988e,0acbf420c742a3a53f0afd0411155861fb295801fc7e4da573308e7fc03b988e,Anonymized review source; original local provenance is withheld,True,1100
STAT,analysis/published_paper_reconstruction/candidate_runs/reconstruction_run_1/candidate_code.py,analysis/workspace/analysis/published_paper_reconstruction/candidate_runs/reconstruction_run_1/candidate_code.py,CVAI_candidate_reconstruction_history,af59bbdda66f0a7088f1defa72d50148ea4f811dcea34f98ea68d86b6a28960f,af59bbdda66f0a7088f1defa72d50148ea4f811dcea34f98ea68d86b6a28960f,Anonymized review source; original local provenance is withheld,True,7713
STAT,analysis/published_paper_reconstruction/candidate_runs/reconstruction_run_2/candidate_code.py,analysis/workspace/analysis/published_paper_reconstruction/candidate_runs/reconstruction_run_2/candidate_code.py,CVAI_candidate_reconstruction_history,af59bbdda66f0a7088f1defa72d50148ea4f811dcea34f98ea68d86b6a28960f,af59bbdda66f0a7088f1defa72d50148ea4f811dcea34f98ea68d86b6a28960f,Anonymized review source; original local provenance is withheld,True,7713
STAT,analysis/published_paper_reconstruction/check_outputs.py,analysis/workspace/analysis/published_paper_reconstruction/check_outputs.py,CVAI_reconstruction,77ed5e25c24bf0f2b083fec63382ee9f83e7ba61a23320bd9e662b79e23fe6d2,77ed5e25c24bf0f2b083fec63382ee9f83e7ba61a23320bd9e662b79e23fe6d2,Anonymized review source; original local provenance is withheld,True,2554
STAT,analysis/published_paper_reconstruction/prepare_precision_reference.py,analysis/workspace/analysis/published_paper_reconstruction/prepare_precision_reference.py,CVAI_reconstruction,4358b3dac157e301937992ae97f98777d1b9665b3b1b2aca002382018085b079,4358b3dac157e301937992ae97f98777d1b9665b3b1b2aca002382018085b079,Anonymized review source; original local provenance is withheld,True,2850
STAT,analysis/published_paper_reconstruction/prepare_sources.py,analysis/workspace/analysis/published_paper_reconstruction/prepare_sources.py,CVAI_reconstruction,85ca3e2f8c9a4aa0b3c7d7526634a7cf09e715b3a4c8e2c12c6eb1bbc9441986,85ca3e2f8c9a4aa0b3c7d7526634a7cf09e715b3a4c8e2c12c6eb1bbc9441986,Anonymized review source; original local provenance is withheld,True,2258
STAT,analysis/published_paper_reconstruction/reference.py,analysis/workspace/analysis/published_paper_reconstruction/reference.py,CVAI_reconstruction,a31e0700415824187f93a91395ac594e480a79a014539d5f18dc0d99635b04bd,a31e0700415824187f93a91395ac594e480a79a014539d5f18dc0d99635b04bd,Anonymized review source; original local provenance is withheld,True,7052
STAT,analysis/published_paper_reconstruction/repair_bootstrap.py,analysis/workspace/analysis/published_paper_reconstruction/repair_bootstrap.py,CVAI_reconstruction,a206ffd292ed4f2727cfebe53f88faf2830cb262107ddaaa6caec436b00c5666,a206ffd292ed4f2727cfebe53f88faf2830cb262107ddaaa6caec436b00c5666,Anonymized review source; original local provenance is withheld,True,1428
STAT,analysis/published_paper_reconstruction/report.py,analysis/workspace/analysis/published_paper_reconstruction/report.py,CVAI_reconstruction,8925256228f2706b15737c86d069f8272c04cdd9a044eee40efbe093b1777533,8925256228f2706b15737c86d069f8272c04cdd9a044eee40efbe093b1777533,Anonymized review source; original local provenance is withheld,True,16095
STAT,survey_extension/00_inspect.py,analysis/workspace/survey_extension/00_inspect.py,HRS_MHAS_build_and_26_sample_integration,09f78faebf526d89871ae554ef2847fca1a94748d8b86dd1cf670df9fe8ae3c5,09f78faebf526d89871ae554ef2847fca1a94748d8b86dd1cf670df9fe8ae3c5,Anonymized review source; original local provenance is withheld,True,3160
STAT,survey_extension/01_sources_and_search.py,analysis/workspace/survey_extension/01_sources_and_search.py,HRS_MHAS_build_and_26_sample_integration,662ff2615d7df38364a908c05f1b94474f981790c2e232e41c7e9914bc382410,662ff2615d7df38364a908c05f1b94474f981790c2e232e41c7e9914bc382410,Anonymized review source; original local provenance is withheld,True,2981
STAT,survey_extension/02_source_details.py,analysis/workspace/survey_extension/02_source_details.py,HRS_MHAS_build_and_26_sample_integration,a483045b3f2e179802b8e09818fb03e04899887099a8c467c8a834a56c14826b,a483045b3f2e179802b8e09818fb03e04899887099a8c467c8a834a56c14826b,Anonymized review source; original local provenance is withheld,True,2701
STAT,survey_extension/03_build_panels.py,analysis/workspace/survey_extension/03_build_panels.py,HRS_MHAS_build_and_26_sample_integration,f30306e7e2ad62c90d7f9090d5c771041af8df836d73b172296e4beb5701764f,f30306e7e2ad62c90d7f9090d5c771041af8df836d73b172296e4beb5701764f,Anonymized review source; original local provenance is withheld,True,7108
STAT,survey_extension/04_analyse.py,analysis/workspace/survey_extension/04_analyse.py,HRS_MHAS_build_and_26_sample_integration,db0d531d3e94c06242ef904cfdce3b326fa30c8dce297aa8d083e78a835612ec,db0d531d3e94c06242ef904cfdce3b326fa30c8dce297aa8d083e78a835612ec,Anonymized review source; original local provenance is withheld,True,4980
STAT,survey_extension/05_literature_and_audit.py,analysis/workspace/survey_extension/05_literature_and_audit.py,HRS_MHAS_build_and_26_sample_integration,0b2a745dc2b8139435551c2c653d606a44e6a9c374201468a29b0e4294094773,0b2a745dc2b8139435551c2c653d606a44e6a9c374201468a29b0e4294094773,Anonymized review source; original local provenance is withheld,True,3577
STAT,survey_extension/06_integrate.py,analysis/workspace/survey_extension/06_integrate.py,HRS_MHAS_build_and_26_sample_integration,dc0febbe7485d0f4fa110eb4edc8403d5b0217a2407558006d8e137722a2cf84,dc0febbe7485d0f4fa110eb4edc8403d5b0217a2407558006d8e137722a2cf84,Anonymized review source; original local provenance is withheld,True,24680
STAT,survey_extension/09_polish_layout.py,analysis/workspace/survey_extension/09_polish_layout.py,HRS_MHAS_build_and_26_sample_integration,7193d588333d30c21afc3267ac3a5363f671a65fcb44e32f779145eceedc936a,7193d588333d30c21afc3267ac3a5363f671a65fcb44e32f779145eceedc936a,Anonymized review source; original local provenance is withheld,True,5296
STAT,survey_extension/10_verify.py,analysis/workspace/survey_extension/10_verify.py,HRS_MHAS_build_and_26_sample_integration,d922b15b160bde83da153e01547735efa294dd535a76eeee109f93b557545fdb,d922b15b160bde83da153e01547735efa294dd535a76eeee109f93b557545fdb,Anonymized review source; original local provenance is withheld,True,5934
STAT,survey_extension/11_narrative.py,analysis/workspace/survey_extension/11_narrative.py,HRS_MHAS_build_and_26_sample_integration,414c1351cbaa896f3d303cb2e99518c04d9830429e4b3d9126e5d8eac6a79710,414c1351cbaa896f3d303cb2e99518c04d9830429e4b3d9126e5d8eac6a79710,Anonymized review source; original local provenance is withheld,True,14548
STAT,survey_extension/12_verify_narrative.py,analysis/workspace/survey_extension/12_verify_narrative.py,HRS_MHAS_build_and_26_sample_integration,8f79f3baf9b3023ee129e5f821c383cc108b69a54721f78ab9032aa9726f8930,8f79f3baf9b3023ee129e5f821c383cc108b69a54721f78ab9032aa9726f8930,Anonymized review source; original local provenance is withheld,True,8030
STAT,survey_extension/13_publish_narrative.py,analysis/workspace/survey_extension/13_publish_narrative.py,HRS_MHAS_build_and_26_sample_integration,47c3634c0eb335d1d81eb1fa1d18a29f01cc5d5057c4765bbb6cb9db5200b6f3,47c3634c0eb335d1d81eb1fa1d18a29f01cc5d5057c4765bbb6cb9db5200b6f3,Anonymized review source; original local provenance is withheld,True,5561
STAT,survey_extension/14_consistency_audit.py,analysis/workspace/survey_extension/14_consistency_audit.py,HRS_MHAS_build_and_26_sample_integration,a5cf1bcfce676a59509267d204cd263e2d2d448d976ace6524ad489e389b2a50,a5cf1bcfce676a59509267d204cd263e2d2d448d976ace6524ad489e389b2a50,Anonymized review source; original local provenance is withheld,True,7560
STAT,survey_extension/15_figure_audit.py,analysis/workspace/survey_extension/15_figure_audit.py,HRS_MHAS_build_and_26_sample_integration,cf7c97cc549a7334e28b3ea1f8b6b4920305dd308ebd38de79b88e1f66821fca,cf7c97cc549a7334e28b3ea1f8b6b4920305dd308ebd38de79b88e1f66821fca,Anonymized review source; original local provenance is withheld,True,1961
STAT,survey_extension/16_final_consistency_edits.py,analysis/workspace/survey_extension/16_final_consistency_edits.py,HRS_MHAS_build_and_26_sample_integration,caa6da9d7c15cb99bfffc9c8def7656a066f7f6d1b8d53d7c7b90eb25a7811c5,caa6da9d7c15cb99bfffc9c8def7656a066f7f6d1b8d53d7c7b90eb25a7811c5,Anonymized review source; original local provenance is withheld,True,11320
STAT,survey_extension/17_reporting_repairs.py,analysis/workspace/survey_extension/17_reporting_repairs.py,HRS_MHAS_build_and_26_sample_integration,b3e9bd494095e04556ae28fafda98b0ae9fe6b8aa176bb3cc71ec83580c54366,b3e9bd494095e04556ae28fafda98b0ae9fe6b8aa176bb3cc71ec83580c54366,Anonymized review source; original local provenance is withheld,True,1956
STAT,survey_extension/18_verify_consistency.py,analysis/workspace/survey_extension/18_verify_consistency.py,HRS_MHAS_build_and_26_sample_integration,b77a5ad35006320d2f5a46cc88fbad460c240b683559de6d77abbe5bb1b1c979,b77a5ad35006320d2f5a46cc88fbad460c240b683559de6d77abbe5bb1b1c979,Anonymized review source; original local provenance is withheld,True,9477
STAT,survey_extension/19_publish_consistency.py,analysis/workspace/survey_extension/19_publish_consistency.py,HRS_MHAS_build_and_26_sample_integration,79aa1014d8536f3ef0c2c7a81dc0c83d80d2116756e71af77a9f8989c9d7eb18,79aa1014d8536f3ef0c2c7a81dc0c83d80d2116756e71af77a9f8989c9d7eb18,Anonymized review source; original local provenance is withheld,True,10175
STAT,survey_extension/20_add_real_world_context.py,analysis/workspace/survey_extension/20_add_real_world_context.py,HRS_MHAS_build_and_26_sample_integration,b470c856e8918ae0adb7be2c6dcce8bc1829c8dadf927d54d0ef9e44a14be142,b470c856e8918ae0adb7be2c6dcce8bc1829c8dadf927d54d0ef9e44a14be142,Anonymized review source; original local provenance is withheld,True,4648
STAT,survey_extension/21_publish_context_refs.py,analysis/workspace/survey_extension/21_publish_context_refs.py,HRS_MHAS_build_and_26_sample_integration,01098a3f0a26417213d7b45afa2119a72063e24ab596934a7341b34eba70c179,01098a3f0a26417213d7b45afa2119a72063e24ab596934a7341b34eba70c179,Anonymized review source; original local provenance is withheld,True,5884
STAT,survey_extension/22_restructure_steps.py,analysis/workspace/survey_extension/22_restructure_steps.py,HRS_MHAS_build_and_26_sample_integration,d5455612b7035cf34d535d32c033f8333d3db9c9789bce92c00207fd5e9dbdc4,d5455612b7035cf34d535d32c033f8333d3db9c9789bce92c00207fd5e9dbdc4,Anonymized review source; original local provenance is withheld,True,8934
STAT,survey_extension/23_structured_abstract.py,analysis/workspace/survey_extension/23_structured_abstract.py,HRS_MHAS_build_and_26_sample_integration,7d95a32c474fdc324e72b629048d690a171c43447a52748cd630ca58f4ab61cb,7d95a32c474fdc324e72b629048d690a171c43447a52748cd630ca58f4ab61cb,Anonymized review source; original local provenance is withheld,True,7130
STAT,survey_extension/24_renumber_supplementary.py,analysis/workspace/survey_extension/24_renumber_supplementary.py,HRS_MHAS_build_and_26_sample_integration,fbb220ef2b687c986354b5a7715856a3e2e8649f44c87354847c43ac5e8850d6,fbb220ef2b687c986354b5a7715856a3e2e8649f44c87354847c43ac5e8850d6,Anonymized review source; original local provenance is withheld,True,8773
STAT,charls_preparation/code/01_build.py,analysis/workspace/charls_preparation/code/01_build.py,upstream_CHARLS_reconstruction,f82f54944edd26f2d8529c294f2c348090080ee4f8112947b65d9efe9b61a4a6,f82f54944edd26f2d8529c294f2c348090080ee4f8112947b65d9efe9b61a4a6,Anonymized review source; original local provenance is withheld,True,8607
STAT,charls_preparation/code/02_cross_section.py,analysis/workspace/charls_preparation/code/02_cross_section.py,upstream_CHARLS_reconstruction,62abef88cffb3082ab98a0b74e3594e76793b7e7ff26457bf7ad1b73d641b465,62abef88cffb3082ab98a0b74e3594e76793b7e7ff26457bf7ad1b73d641b465,Anonymized review source; original local provenance is withheld,True,10408
STAT,charls_preparation/code/03_longitudinal.py,analysis/workspace/charls_preparation/code/03_longitudinal.py,upstream_CHARLS_reconstruction,4c7e9f7f00a89b209a9ab9543ce7dee3e5e3b2d3937710600da16a4d64eb0deb,4c7e9f7f00a89b209a9ab9543ce7dee3e5e3b2d3937710600da16a4d64eb0deb,Anonymized review source; original local provenance is withheld,True,5420
STAT,charls_preparation/code/04_sensitivity.py,analysis/workspace/charls_preparation/code/04_sensitivity.py,upstream_CHARLS_reconstruction,f0888eae14f6ea158d3bc5290264584175b4661c99de02306d33cd2c7f1808ad,f0888eae14f6ea158d3bc5290264584175b4661c99de02306d33cd2c7f1808ad,Anonymized review source; original local provenance is withheld,True,3922
STAT,charls_preparation/code/05_severity_check.py,analysis/workspace/charls_preparation/code/05_severity_check.py,upstream_CHARLS_reconstruction,65ba996d1bb851d20e7a721f206301048be177d88a6db919bf78c8654c586600,65ba996d1bb851d20e7a721f206301048be177d88a6db919bf78c8654c586600,Anonymized review source; original local provenance is withheld,True,2022
STAT,charls_preparation/code/06_report.py,analysis/workspace/charls_preparation/code/06_report.py,upstream_CHARLS_reconstruction,55ce3dc813e50379aaa66f9102be2999d2b96ba10e576c4a5f212b477f9d7e62,55ce3dc813e50379aaa66f9102be2999d2b96ba10e576c4a5f212b477f9d7e62,Anonymized review source; original local provenance is withheld,True,24089
STAT,nhanes_adjustment/code/00_sources.py,analysis/workspace/nhanes_adjustment/code/00_sources.py,NHANES_boundary_application,f1a520832add6e83d6c94f5d5c017d90791650f0b95bb577f3e6ff59775921ae,f1a520832add6e83d6c94f5d5c017d90791650f0b95bb577f3e6ff59775921ae,Anonymized review source; original local provenance is withheld,True,2380
STAT,nhanes_adjustment/code/01_build.py,analysis/workspace/nhanes_adjustment/code/01_build.py,NHANES_boundary_application,a95baf04d440fc433b7bee7c6065b1b2d8d8a9f0182d37eab3627154be1f324d,a95baf04d440fc433b7bee7c6065b1b2d8d8a9f0182d37eab3627154be1f324d,Anonymized review source; original local provenance is withheld,True,9308
STAT,nhanes_adjustment/code/02_describe.py,analysis/workspace/nhanes_adjustment/code/02_describe.py,NHANES_boundary_application,f7c4b6faddcc406d1ddd4e9ab770c2f4eccae85b396e266d3bf89fd1d880ef98,f7c4b6faddcc406d1ddd4e9ab770c2f4eccae85b396e266d3bf89fd1d880ef98,Anonymized review source; original local provenance is withheld,True,3915
STAT,nhanes_adjustment/code/03_nhanes.py,analysis/workspace/nhanes_adjustment/code/03_nhanes.py,NHANES_boundary_application,508e1ce62ebf284077484a94dee0ff409a8492395abf7b48468146e8826690b5,508e1ce62ebf284077484a94dee0ff409a8492395abf7b48468146e8826690b5,Anonymized review source; original local provenance is withheld,True,6867
STAT,nhanes_adjustment/code/04_charls.py,analysis/workspace/nhanes_adjustment/code/04_charls.py,NHANES_boundary_application,84b46ad2eac1c6fc248a53fc90f4d79804e44680c9f4d5e0eb5305419d5761ba,84b46ad2eac1c6fc248a53fc90f4d79804e44680c9f4d5e0eb5305419d5761ba,Anonymized review source; original local provenance is withheld,True,3957
STAT,nhanes_adjustment/code/05_same_sample.py,analysis/workspace/nhanes_adjustment/code/05_same_sample.py,NHANES_boundary_application,3487b609ca977eef4d19031a50d42c9aa2a4c36152968d32604ba0604965f2d9,3487b609ca977eef4d19031a50d42c9aa2a4c36152968d32604ba0604965f2d9,Anonymized review source; original local provenance is withheld,True,2399
STAT,nhanes_adjustment/code/06_audit.py,analysis/workspace/nhanes_adjustment/code/06_audit.py,NHANES_boundary_application,f02f268d9a99e1ed316765c038c325047fbc75112340c8c5963eb8ca359e448d,f02f268d9a99e1ed316765c038c325047fbc75112340c8c5963eb8ca359e448d,Anonymized review source; original local provenance is withheld,True,7325
STAT,nhanes_adjustment/code/07_report.py,analysis/workspace/nhanes_adjustment/code/07_report.py,NHANES_boundary_application,54000f1ca6abefb020a376bce26f56319ba0902735001f9d13ff211ecf336125,54000f1ca6abefb020a376bce26f56319ba0902735001f9d13ff211ecf336125,Anonymized review source; original local provenance is withheld,True,19611
STAT,nhanes_adjustment/code/common.py,analysis/workspace/nhanes_adjustment/code/common.py,NHANES_boundary_application,ff21b8dfa52977ef0a17c011e94c2c2d44e8d5652f25bb04f7300322c2bd14d5,ff21b8dfa52977ef0a17c011e94c2c2d44e8d5652f25bb04f7300322c2bd14d5,Anonymized review source; original local provenance is withheld,True,925
STAT,nhanes_fasting/code/00_sources.py,analysis/workspace/nhanes_fasting/code/00_sources.py,NHANES_nested_eligibility,ca07a6f02a237b8fc6f315d40ab89234c408aa1c49c71b6707790284c1592259,ca07a6f02a237b8fc6f315d40ab89234c408aa1c49c71b6707790284c1592259,Anonymized review source; original local provenance is withheld,True,1950
STAT,nhanes_fasting/code/01_build.py,analysis/workspace/nhanes_fasting/code/01_build.py,NHANES_nested_eligibility,a49f9ae4afb8b582b597ed226be6f5600fe86700e98daca6f7d445956c01883d,a49f9ae4afb8b582b597ed226be6f5600fe86700e98daca6f7d445956c01883d,Anonymized review source; original local provenance is withheld,True,9148
STAT,nhanes_fasting/code/02_models.py,analysis/workspace/nhanes_fasting/code/02_models.py,NHANES_nested_eligibility,6c2054772f187bb8baf465d4e4753fb56d9054fa45a918132513dd1bd8c86da3,6c2054772f187bb8baf465d4e4753fb56d9054fa45a918132513dd1bd8c86da3,Anonymized review source; original local provenance is withheld,True,5123
STAT,nhanes_fasting/code/03_reproduce_audit.py,analysis/workspace/nhanes_fasting/code/03_reproduce_audit.py,NHANES_nested_eligibility,dc004b2f9d6601a3503aebd8d1f6f9ad6d900bd6221dc72ca1cd5f9da88177e3,dc004b2f9d6601a3503aebd8d1f6f9ad6d900bd6221dc72ca1cd5f9da88177e3,Anonymized review source; original local provenance is withheld,True,5953
STAT,nhanes_fasting/code/04_report.py,analysis/workspace/nhanes_fasting/code/04_report.py,NHANES_nested_eligibility,bfd40c260df17cb8cd7b5e696ed75c21203026b685eaf411d80f7c1a3fed4f53,bfd40c260df17cb8cd7b5e696ed75c21203026b685eaf411d80f7c1a3fed4f53,Anonymized review source; original local provenance is withheld,True,22358
STAT,nhanes_fasting/code/05_finalize.py,analysis/workspace/nhanes_fasting/code/05_finalize.py,NHANES_nested_eligibility,77008bd81a2d5fc5a3fda9ed44a9cc943150c20ebd018f1e6da656c4a46f894f,77008bd81a2d5fc5a3fda9ed44a9cc943150c20ebd018f1e6da656c4a46f894f,Anonymized review source; original local provenance is withheld,True,2231
STAT,nhanes_fasting/code/common.py,analysis/workspace/nhanes_fasting/code/common.py,NHANES_nested_eligibility,7fbd120fdca20a519f44c3a8e247fe1be80b137a0a7b90f1f2c33cc1d98ecd20,7fbd120fdca20a519f44c3a8e247fe1be80b137a0a7b90f1f2c33cc1d98ecd20,Anonymized review source; original local provenance is withheld,True,2782
STAT,paired_state_core/code/01_build.py,analysis/workspace/paired_state_core/code/01_build.py,core_estimator_and_CHARLS_application,342e360cf676073765f8ca0d23add4586a5eebf2141b06f81dfc6a7c8a3ccc05,342e360cf676073765f8ca0d23add4586a5eebf2141b06f81dfc6a7c8a3ccc05,Anonymized review source; original local provenance is withheld,True,6724
STAT,paired_state_core/code/02_access_and_scale.py,analysis/workspace/paired_state_core/code/02_access_and_scale.py,core_estimator_and_CHARLS_application,e1d19170e1f7b6e4b5c366dcbe67b202f7fa1c93dd0b6eed4635843c105ba5a5,e1d19170e1f7b6e4b5c366dcbe67b202f7fa1c93dd0b6eed4635843c105ba5a5,Anonymized review source; original local provenance is withheld,True,3806
STAT,paired_state_core/code/03_followup_selection.py,analysis/workspace/paired_state_core/code/03_followup_selection.py,core_estimator_and_CHARLS_application,8c38313caf1a26adf6641f84a10534a1ca5e4f31e4038280a8132a31391ff5c2,8c38313caf1a26adf6641f84a10534a1ca5e4f31e4038280a8132a31391ff5c2,Anonymized review source; original local provenance is withheld,True,6894
STAT,paired_state_core/code/04_support_check.py,analysis/workspace/paired_state_core/code/04_support_check.py,core_estimator_and_CHARLS_application,dc018bbd0fe572324f4dc0bce66f585b9181a0d829528838eca5264b0a58d040,dc018bbd0fe572324f4dc0bce66f585b9181a0d829528838eca5264b0a58d040,Anonymized review source; original local provenance is withheld,True,1973
STAT,paired_state_core/code/05_report.py,analysis/workspace/paired_state_core/code/05_report.py,core_estimator_and_CHARLS_application,004ae87fc5a581c87d70c7840733a07fee664468c2cec6a3ec6aeb668b7f6785,004ae87fc5a581c87d70c7840733a07fee664468c2cec6a3ec6aeb668b7f6785,Anonymized review source; original local provenance is withheld,True,20671
STAT,paired_state_core/code/common.py,analysis/workspace/paired_state_core/code/common.py,core_estimator_and_CHARLS_application,da9c1d52607d32fd9760b390d984d579f9b123ea54a33a73087f0c8c6b3a2485,da9c1d52607d32fd9760b390d984d579f9b123ea54a33a73087f0c8c6b3a2485,Anonymized review source; original local provenance is withheld,True,4733
STAT,nhanes_robustness/code/01_sources.py,analysis/workspace/nhanes_robustness/code/01_sources.py,NHANES_boundary_dependency,d87409f23166e1d7dfa9386842ee6f9fd0527e53c10bfc8201903a5c55e794c3,d87409f23166e1d7dfa9386842ee6f9fd0527e53c10bfc8201903a5c55e794c3,Anonymized review source; original local provenance is withheld,True,2634
STAT,nhanes_robustness/code/02_charls.py,analysis/workspace/nhanes_robustness/code/02_charls.py,NHANES_boundary_dependency,f2860edc9683d8d17e28c25b6d760165ca52bbc2cbad18bf1e5aab4298838f02,f2860edc9683d8d17e28c25b6d760165ca52bbc2cbad18bf1e5aab4298838f02,Anonymized review source; original local provenance is withheld,True,5985
STAT,nhanes_robustness/code/03_nhanes.py,analysis/workspace/nhanes_robustness/code/03_nhanes.py,NHANES_boundary_dependency,64a36a255de21351be5a1e72ab26eb59dcb07b771c3f501c2169ceccfabac7dd,64a36a255de21351be5a1e72ab26eb59dcb07b771c3f501c2169ceccfabac7dd,Anonymized review source; original local provenance is withheld,True,6119
STAT,nhanes_robustness/code/04_audit.py,analysis/workspace/nhanes_robustness/code/04_audit.py,NHANES_boundary_dependency,30f7e43b67c45b915f43d0e1f724e6083102603ba46d3cea956a42e830537c68,30f7e43b67c45b915f43d0e1f724e6083102603ba46d3cea956a42e830537c68,Anonymized review source; original local provenance is withheld,True,5189
STAT,nhanes_robustness/code/05_report.py,analysis/workspace/nhanes_robustness/code/05_report.py,NHANES_boundary_dependency,59078c031242662d8042ffb5ed1a0fef1e87d58f097e1fd40228cf509b7dd6ec,59078c031242662d8042ffb5ed1a0fef1e87d58f097e1fd40228cf509b7dd6ec,Anonymized review source; original local provenance is withheld,True,20266
STAT,nhanes_robustness/code/common.py,analysis/workspace/nhanes_robustness/code/common.py,NHANES_boundary_dependency,3b9add0258920638cb017bbf46f584a1c9b450c0acbb0ca3e93469af3eded50d,3b9add0258920638cb017bbf46f584a1c9b450c0acbb0ca3e93469af3eded50d,Anonymized review source; original local provenance is withheld,True,4824
STAT,nhanes_selection/code/01_build_describe.py,analysis/workspace/nhanes_selection/code/01_build_describe.py,NHANES_selection_dependency,cd9489e2e4b1f01d02e52bb87a71606165934716d55ae80f883e50e5e5154b3f,cd9489e2e4b1f01d02e52bb87a71606165934716d55ae80f883e50e5e5154b3f,Anonymized review source; original local provenance is withheld,True,4052
STAT,nhanes_selection/code/02_selection.py,analysis/workspace/nhanes_selection/code/02_selection.py,NHANES_selection_dependency,e1d9184f4e08edf19c402c62bdf155aef67dd1d379cca4e806413c24660238ea,e1d9184f4e08edf19c402c62bdf155aef67dd1d379cca4e806413c24660238ea,Anonymized review source; original local provenance is withheld,True,6775
STAT,nhanes_selection/code/03_cycles.py,analysis/workspace/nhanes_selection/code/03_cycles.py,NHANES_selection_dependency,e8fdc125bf939202275e5e51d82040b33a8fab67100b15d0fc92e933e39ce9ec,e8fdc125bf939202275e5e51d82040b33a8fab67100b15d0fc92e933e39ce9ec,Anonymized review source; original local provenance is withheld,True,4208
STAT,nhanes_selection/code/04_audit.py,analysis/workspace/nhanes_selection/code/04_audit.py,NHANES_selection_dependency,8d687dfe3c6fac4559700ebb5687ff14b203b306d6a0e7a541b2a0d3de2deb3e,8d687dfe3c6fac4559700ebb5687ff14b203b306d6a0e7a541b2a0d3de2deb3e,Anonymized review source; original local provenance is withheld,True,6156
STAT,nhanes_selection/code/05_report.py,analysis/workspace/nhanes_selection/code/05_report.py,NHANES_selection_dependency,5b13195cae7ff5a01989fe9bdd9d4cbe6c07a95188fc9595da0e086a0ea677b2,5b13195cae7ff5a01989fe9bdd9d4cbe6c07a95188fc9595da0e086a0ea677b2,Anonymized review source; original local provenance is withheld,True,16898
STAT,nhanes_selection/code/common.py,analysis/workspace/nhanes_selection/code/common.py,NHANES_selection_dependency,3faac330760f77b8b89c29f39c3840857442ecf53057284b7da15c5e9b430876,3faac330760f77b8b89c29f39c3840857442ecf53057284b7da15c5e9b430876,Anonymized review source; original local provenance is withheld,True,4756
STAT,corrected_panel/archive/development/corrected_panel/code/14_diagnostic_allocation_simulation.py,analysis/workspace/corrected_panel/archive/development/corrected_panel/code/14_diagnostic_allocation_simulation.py,resolved_literal_code_dependency,43ce8f840479196a2f9387e4db5bce1c0e6192e3dec4681a984e2f6e7a319953,43ce8f840479196a2f9387e4db5bce1c0e6192e3dec4681a984e2f6e7a319953,Anonymized review source; original local provenance is withheld,True,6854
STAT,corrected_panel/archive/development/panel_reconstruction/code/13_rebuild_corrected_panel.py,analysis/workspace/corrected_panel/archive/development/panel_reconstruction/code/13_rebuild_corrected_panel.py,resolved_literal_code_dependency,0ea948d7a5a7b5f0cdbc8aa2226a8bb29bde9cc9d249f9799928ae64ad35d179,0ea948d7a5a7b5f0cdbc8aa2226a8bb29bde9cc9d249f9799928ae64ad35d179,Anonymized review source; original local provenance is withheld,True,7175
STAT,corrected_panel/code/01_rebuild_corrected_panel.py,analysis/workspace/corrected_panel/code/01_rebuild_corrected_panel.py,conditional_scan_and_historical_extensions,5e2dff0295a3dbd81376d30d44f6606a6712d9901434678af117bec49781c9e4,5e2dff0295a3dbd81376d30d44f6606a6712d9901434678af117bec49781c9e4,Anonymized review source; original local provenance is withheld,True,8930
STAT,corrected_panel/code/02_paired_and_treatment.py,analysis/workspace/corrected_panel/code/02_paired_and_treatment.py,conditional_scan_and_historical_extensions,e66a6e7f86eb329352a2148a62174dcb7b771724fb97daa7067e960ab2205695,e66a6e7f86eb329352a2148a62174dcb7b771724fb97daa7067e960ab2205695,Anonymized review source; original local provenance is withheld,True,6284
STAT,corrected_panel/code/03_transport_and_local_validation.py,analysis/workspace/corrected_panel/code/03_transport_and_local_validation.py,conditional_scan_and_historical_extensions,e8a54066ec3264c356679f4543e4dbf0a0180622f061762b72ce8f52ce610763,e8a54066ec3264c356679f4543e4dbf0a0180622f061762b72ce8f52ce610763,Anonymized review source; original local provenance is withheld,True,11777
STAT,corrected_panel/code/04_inverse_and_checks.py,analysis/workspace/corrected_panel/code/04_inverse_and_checks.py,conditional_scan_and_historical_extensions,b39c4acb611ea2213eba816b7532ff08eda3458360430ea7ff66df34fb10c1b9,b39c4acb611ea2213eba816b7532ff08eda3458360430ea7ff66df34fb10c1b9,Anonymized review source; original local provenance is withheld,True,5801
STAT,corrected_panel/code/09_validate_inverse.py,analysis/workspace/corrected_panel/code/09_validate_inverse.py,conditional_scan_and_historical_extensions,802195321f389d3da15c99fc8c0978bbd326341accdca87eeaa757dc07a09821,802195321f389d3da15c99fc8c0978bbd326341accdca87eeaa757dc07a09821,Anonymized review source; original local provenance is withheld,True,1401
STAT,corrected_panel/code/15_literature_lookup.py,analysis/workspace/corrected_panel/code/15_literature_lookup.py,conditional_scan_and_historical_extensions,5c888c5e30c60c867f52e9bbfe20415720c065645508576f454d3ca2b5250d1d,5c888c5e30c60c867f52e9bbfe20415720c065645508576f454d3ca2b5250d1d,Anonymized review source; original local provenance is withheld,True,4157
STAT,corrected_panel/code/16_focused_methods.py,analysis/workspace/corrected_panel/code/16_focused_methods.py,conditional_scan_and_historical_extensions,7bb6daa7ae9e9ea2d7b93a1c19306eb4541631644aaec4f922db9076568bc954,7bb6daa7ae9e9ea2d7b93a1c19306eb4541631644aaec4f922db9076568bc954,Anonymized review source; original local provenance is withheld,True,1968
STAT,corrected_panel/code/17_feasible_simulation.py,analysis/workspace/corrected_panel/code/17_feasible_simulation.py,conditional_scan_and_historical_extensions,5e63da4d11624e1b14f56a424673f27e2ddf8bd0cdeed6b85e795309ec905e30,5e63da4d11624e1b14f56a424673f27e2ddf8bd0cdeed6b85e795309ec905e30,Anonymized review source; original local provenance is withheld,True,9975
STAT,corrected_panel/code/18_read_key_papers.py,analysis/workspace/corrected_panel/code/18_read_key_papers.py,conditional_scan_and_historical_extensions,dc5a0832b0683b16c0c393f0281e0c449075c90af81498a8f0c9ad867dcdbc36,dc5a0832b0683b16c0c393f0281e0c449075c90af81498a8f0c9ad867dcdbc36,Anonymized review source; original local provenance is withheld,True,1826
STAT,corrected_panel/code/19_archive_development.py,analysis/workspace/corrected_panel/code/19_archive_development.py,conditional_scan_and_historical_extensions,ab1d2659e9595054818156503b426308286fdd4981dcc463dca18c027f06465b,ab1d2659e9595054818156503b426308286fdd4981dcc463dca18c027f06465b,Anonymized review source; original local provenance is withheld,True,2138
STAT,corrected_panel/code/20_quality_and_tables.py,analysis/workspace/corrected_panel/code/20_quality_and_tables.py,conditional_scan_and_historical_extensions,5c8f2f015b3571aa711baece7349461ee8bb3a177e712546d14e1fa05dad5aea,5c8f2f015b3571aa711baece7349461ee8bb3a177e712546d14e1fa05dad5aea,Anonymized review source; original local provenance is withheld,True,7207
STAT,corrected_panel/code/21_make_research_figures.py,analysis/workspace/corrected_panel/code/21_make_research_figures.py,conditional_scan_and_historical_extensions,6e39d3d0344f87280546214ed609af13fa89369ddddb64f0b3ba7b8ac1cc226f,6e39d3d0344f87280546214ed609af13fa89369ddddb64f0b3ba7b8ac1cc226f,Anonymized review source; original local provenance is withheld,True,3625
STAT,corrected_panel/code/common.py,analysis/workspace/corrected_panel/code/common.py,conditional_scan_and_historical_extensions,a044b36e5d1f53ae1e52c277b14859fcb7c37310530ad8916ea934137b74caab,a044b36e5d1f53ae1e52c277b14859fcb7c37310530ad8916ea934137b74caab,Anonymized review source; original local provenance is withheld,True,5262
STAT,panel_reconstruction/code/00_audit_sources.py,analysis/workspace/panel_reconstruction/code/00_audit_sources.py,upstream_harmonization_and_history,ec0a5a548acb15b594d07388cde8cc5b94e35c50bbf59cd178dec668efec1588,ec0a5a548acb15b594d07388cde8cc5b94e35c50bbf59cd178dec668efec1588,Anonymized review source; original local provenance is withheld,True,3053
STAT,panel_reconstruction/code/01_build_revision_panel.py,analysis/workspace/panel_reconstruction/code/01_build_revision_panel.py,upstream_harmonization_and_history,e945be7ebc898cd8e090d93a92e82d824e85118e7a389f5bb917cb660baee142,e945be7ebc898cd8e090d93a92e82d824e85118e7a389f5bb917cb660baee142,Anonymized review source; original local provenance is withheld,True,7246
STAT,panel_reconstruction/code/02_paired_and_treatment.py,analysis/workspace/panel_reconstruction/code/02_paired_and_treatment.py,upstream_harmonization_and_history,d235861ee53ca30aeaa7b3f9dd609f5d310315b379b06e921f973c4308cfdb0f,d235861ee53ca30aeaa7b3f9dd609f5d310315b379b06e921f973c4308cfdb0f,Anonymized review source; original local provenance is withheld,True,6655
STAT,panel_reconstruction/code/03_transport_and_local_validation.py,analysis/workspace/panel_reconstruction/code/03_transport_and_local_validation.py,upstream_harmonization_and_history,e8a54066ec3264c356679f4543e4dbf0a0180622f061762b72ce8f52ce610763,e8a54066ec3264c356679f4543e4dbf0a0180622f061762b72ce8f52ce610763,Anonymized review source; original local provenance is withheld,True,11777
STAT,panel_reconstruction/code/04_inverse_and_checks.py,analysis/workspace/panel_reconstruction/code/04_inverse_and_checks.py,upstream_harmonization_and_history,b39c4acb611ea2213eba816b7532ff08eda3458360430ea7ff66df34fb10c1b9,b39c4acb611ea2213eba816b7532ff08eda3458360430ea7ff66df34fb10c1b9,Anonymized review source; original local provenance is withheld,True,5801
STAT,panel_reconstruction/code/05_figures.py,analysis/workspace/panel_reconstruction/code/05_figures.py,upstream_harmonization_and_history,6d3117150265d8389f8e653428be1f7373fa4fd1ce1d7224d265d6744bbccd80,6d3117150265d8389f8e653428be1f7373fa4fd1ce1d7224d265d6744bbccd80,Anonymized review source; original local provenance is withheld,True,8325
STAT,panel_reconstruction/code/07_build_documents.py,analysis/workspace/panel_reconstruction/code/07_build_documents.py,upstream_harmonization_and_history,a9f844d5221dcf5400cda285901ecd5b11c04ed0b21d6e0b16c416f33336e87f,a9f844d5221dcf5400cda285901ecd5b11c04ed0b21d6e0b16c416f33336e87f,Anonymized review source; original local provenance is withheld,True,5979
STAT,panel_reconstruction/code/08_artifact_qa.py,analysis/workspace/panel_reconstruction/code/08_artifact_qa.py,upstream_harmonization_and_history,2826385052fb710a4c5868dc9676eb4710b1e5e0413db159fdb4e19773f92361,2826385052fb710a4c5868dc9676eb4710b1e5e0413db159fdb4e19773f92361,Anonymized review source; original local provenance is withheld,True,2566
STAT,panel_reconstruction/code/09_validate_inverse.py,analysis/workspace/panel_reconstruction/code/09_validate_inverse.py,upstream_harmonization_and_history,802195321f389d3da15c99fc8c0978bbd326341accdca87eeaa757dc07a09821,802195321f389d3da15c99fc8c0978bbd326341accdca87eeaa757dc07a09821,Anonymized review source; original local provenance is withheld,True,1401
STAT,panel_reconstruction/code/10_sample_flow.py,analysis/workspace/panel_reconstruction/code/10_sample_flow.py,upstream_harmonization_and_history,a086d1feb19caa120a7397dda45718c9716f1e56ae90c84b1e3e6a459b3cca5e,a086d1feb19caa120a7397dda45718c9716f1e56ae90c84b1e3e6a459b3cca5e,Anonymized review source; original local provenance is withheld,True,8536
STAT,panel_reconstruction/code/11_flow_figure.py,analysis/workspace/panel_reconstruction/code/11_flow_figure.py,upstream_harmonization_and_history,969b2c5b09eae37044f620fa386255fc0396e5eb4fa955feb108c41045097d15,969b2c5b09eae37044f620fa386255fc0396e5eb4fa955feb108c41045097d15,Anonymized review source; original local provenance is withheld,True,4019
STAT,panel_reconstruction/code/12_flow_delivery_qa.py,analysis/workspace/panel_reconstruction/code/12_flow_delivery_qa.py,upstream_harmonization_and_history,d42f56816afc1dfed95d17d14df417c322c33e52256bc0f4567c71a661cbbaf9,d42f56816afc1dfed95d17d14df417c322c33e52256bc0f4567c71a661cbbaf9,Anonymized review source; original local provenance is withheld,True,3139
STAT,panel_reconstruction/code/common.py,analysis/workspace/panel_reconstruction/code/common.py,upstream_harmonization_and_history,a044b36e5d1f53ae1e52c277b14859fcb7c37310530ad8916ea934137b74caab,a044b36e5d1f53ae1e52c277b14859fcb7c37310530ad8916ea934137b74caab,Anonymized review source; original local provenance is withheld,True,5262
STAT,survey_panels/code/00_build_panel.py,analysis/workspace/survey_panels/code/00_build_panel.py,legacy_survey_build_dependency,abd8107d226f3caccd0416b424343a1fe2c675400d8dcdfaa22ac1baf5ef6839,abd8107d226f3caccd0416b424343a1fe2c675400d8dcdfaa22ac1baf5ef6839,Anonymized review source; original local provenance is withheld,True,15752
STAT,survey_panels/code/20_probe_new_cohorts.py,analysis/workspace/survey_panels/code/20_probe_new_cohorts.py,legacy_survey_build_dependency,8267fbb83fc716b93aa1d7a5b2552f9b07f9a2c8f75c55b70fd872073bf010ce,8267fbb83fc716b93aa1d7a5b2552f9b07f9a2c8f75c55b70fd872073bf010ce,Anonymized review source; original local provenance is withheld,True,3317
STAT,survey_panels/code/21_probe_labels.py,analysis/workspace/survey_panels/code/21_probe_labels.py,legacy_survey_build_dependency,9c2303de987a30f24587355968540fdcf79a8cfba53e93646f2c2049ff9f6e19,9c2303de987a30f24587355968540fdcf79a8cfba53e93646f2c2049ff9f6e19,Anonymized review source; original local provenance is withheld,True,2099
STAT,survey_panels/code/22_find_bp.py,analysis/workspace/survey_panels/code/22_find_bp.py,legacy_survey_build_dependency,35a3d5ec1eb444f961d01aab34797a43a7bd275b4eea266bd1ca9087f12cb6e9,35a3d5ec1eb444f961d01aab34797a43a7bd275b4eea266bd1ca9087f12cb6e9,Anonymized review source; original local provenance is withheld,True,2449
STAT,survey_panels/code/23_new_cohorts_analysis.py,analysis/workspace/survey_panels/code/23_new_cohorts_analysis.py,legacy_survey_build_dependency,ed2f6efeb2645ae907b7bdb94a65d31a0a942fb5126027c5dfc0738eec92d999,ed2f6efeb2645ae907b7bdb94a65d31a0a942fb5126027c5dfc0738eec92d999,Anonymized review source; original local provenance is withheld,True,7162
STAT,survey_panels/code/24_probe_biomarkers.py,analysis/workspace/survey_panels/code/24_probe_biomarkers.py,legacy_survey_build_dependency,a83fc3b65aac2bcd3f164b810619b5f44873e7f9d35dde380c2f773c2bed7bfd,a83fc3b65aac2bcd3f164b810619b5f44873e7f9d35dde380c2f773c2bed7bfd,Anonymized review source; original local provenance is withheld,True,1921
STAT,survey_panels/code/25_mhas_wave3.py,analysis/workspace/survey_panels/code/25_mhas_wave3.py,legacy_survey_build_dependency,2380a67415438224dfb57816750e0db29ca5b31862589ff8dafd036c71d70c2f,2380a67415438224dfb57816750e0db29ca5b31862589ff8dafd036c71d70c2f,Anonymized review source; original local provenance is withheld,True,4959
STAT,survey_panels/code/28_haalsi.py,analysis/workspace/survey_panels/code/28_haalsi.py,legacy_survey_build_dependency,24016ae6bb05525752527fa9a0ebddc1f7e52e75903efbbf10de3f979076bbd6,24016ae6bb05525752527fa9a0ebddc1f7e52e75903efbbf10de3f979076bbd6,Anonymized review source; original local provenance is withheld,True,5417
STAT,survey_panels/code/29_nhanes_diabetes.py,analysis/workspace/survey_panels/code/29_nhanes_diabetes.py,legacy_survey_build_dependency,57afd2e5b7971745c40803bcd2d239b2a5e8e9e492d71f9ba0008d581dd54513,57afd2e5b7971745c40803bcd2d239b2a5e8e9e492d71f9ba0008d581dd54513,Anonymized review source; original local provenance is withheld,True,5890
STAT,survey_panels/code/30_nhanes_dyslipidemia.py,analysis/workspace/survey_panels/code/30_nhanes_dyslipidemia.py,legacy_survey_build_dependency,dad6de5e269015caf63f82dd77592ef0fb90da5ce2a6e64f87ec22c84492b490,dad6de5e269015caf63f82dd77592ef0fb90da5ce2a6e64f87ec22c84492b490,Anonymized review source; original local provenance is withheld,True,5292
STAT,survey_panels/code/31_elsa_three_diseases.py,analysis/workspace/survey_panels/code/31_elsa_three_diseases.py,legacy_survey_build_dependency,83e4afa0e988b46bfcd6a740ed20ba26043723a6791aedc58877af2f28836a8b,83e4afa0e988b46bfcd6a740ed20ba26043723a6791aedc58877af2f28836a8b,Anonymized review source; original local provenance is withheld,True,9702
STAT,survey_panels/code/32_elsa_probe.py,analysis/workspace/survey_panels/code/32_elsa_probe.py,legacy_survey_build_dependency,4be5d4edee686bf5d12b264d9619ade513580662dce96dab25485f1745a2a4f8,4be5d4edee686bf5d12b264d9619ade513580662dce96dab25485f1745a2a4f8,Anonymized review source; original local provenance is withheld,True,3010
STAT,survey_panels/code/33_disease_panel.py,analysis/workspace/survey_panels/code/33_disease_panel.py,legacy_survey_build_dependency,b97bed92d244439b146a2ff620d331aa73ffb6b23cd6e4045bd716f10511e7de,b97bed92d244439b146a2ff620d331aa73ffb6b23cd6e4045bd716f10511e7de,Anonymized review source; original local provenance is withheld,True,9938
STAT,survey_sources/code/01_charls_incident_probe.py,analysis/workspace/survey_sources/code/01_charls_incident_probe.py,legacy_survey_build_dependency,47e6603649235ebc591b35b3df2fa34505e15b6be7b17c761522b9ba4ca0cc08,47e6603649235ebc591b35b3df2fa34505e15b6be7b17c761522b9ba4ca0cc08,Anonymized review source; original local provenance is withheld,True,7792
STAT,survey_sources/code/02_chns_incident_probe.py,analysis/workspace/survey_sources/code/02_chns_incident_probe.py,legacy_survey_build_dependency,44c1519c4fc59eb81bd0c3574662610fd0bb945de63081c898e5c53439c0eddc,44c1519c4fc59eb81bd0c3574662610fd0bb945de63081c898e5c53439c0eddc,Anonymized review source; original local provenance is withheld,True,5771
STAT,survey_sources/code/03_china_delta_test.py,analysis/workspace/survey_sources/code/03_china_delta_test.py,legacy_survey_build_dependency,361ecd05f478c02812814c94f5b6ac325888f51791f9a2862b96227a2e7e93ba,361ecd05f478c02812814c94f5b6ac325888f51791f9a2862b96227a2e7e93ba,Anonymized review source; original local provenance is withheld,True,5861
STAT,survey_sources/code/04_hrs_rand_wave_pairs.py,analysis/workspace/survey_sources/code/04_hrs_rand_wave_pairs.py,legacy_survey_build_dependency,45e3c04efd5535e6b373019ce7c17a55782e6c216f565ac378b335bd4563a35b,45e3c04efd5535e6b373019ce7c17a55782e6c216f565ac378b335bd4563a35b,Anonymized review source; original local provenance is withheld,True,7673
STAT,survey_sources/code/05_delta_three_cohorts.py,analysis/workspace/survey_sources/code/05_delta_three_cohorts.py,legacy_survey_build_dependency,3af8c336f4bb579b3cb5f1d9bc0bad62ece122ed3e19dcc65f91e7f03c16daed,3af8c336f4bb579b3cb5f1d9bc0bad62ece122ed3e19dcc65f91e7f03c16daed,Anonymized review source; original local provenance is withheld,True,5825
STAT,survey_sources/code/06_ensanut_2012.py,analysis/workspace/survey_sources/code/06_ensanut_2012.py,legacy_survey_build_dependency,763a1e2fb98c6fde0155e5cc7b65ac96311fc7a6b40740b40fa6b13b5eb60f4f,763a1e2fb98c6fde0155e5cc7b65ac96311fc7a6b40740b40fa6b13b5eb60f4f,Anonymized review source; original local provenance is withheld,True,7193
STAT,survey_sources/code/07_ensanut_2018.py,analysis/workspace/survey_sources/code/07_ensanut_2018.py,legacy_survey_build_dependency,0e12bd09f2a2322714545fc070ce6384bb76e1140014a8bafc945b31d153f0b7,0e12bd09f2a2322714545fc070ce6384bb76e1140014a8bafc945b31d153f0b7,Anonymized review source; original local provenance is withheld,True,7352
STAT,survey_sources/code/08_ensanut_2021_2025.py,analysis/workspace/survey_sources/code/08_ensanut_2021_2025.py,legacy_survey_build_dependency,5877097d5ab8bf9a3284533918cba20a05fa299c3347516f254b38a1782710eb,5877097d5ab8bf9a3284533918cba20a05fa299c3347516f254b38a1782710eb,Anonymized review source; original local provenance is withheld,True,11098
STAT,survey_sources/code/09_nhanes_all_cycles.py,analysis/workspace/survey_sources/code/09_nhanes_all_cycles.py,legacy_survey_build_dependency,ae54604b72dd8729f9b5a2331d25bf14f34710a07f403615da9c6c2414d80aec,ae54604b72dd8729f9b5a2331d25bf14f34710a07f403615da9c6c2414d80aec,Anonymized review source; original local provenance is withheld,True,7317
STAT,survey_sources/code/10_prevalent_china.py,analysis/workspace/survey_sources/code/10_prevalent_china.py,legacy_survey_build_dependency,cd867fedea68f05e4239bb303e795b1710ee2ed771d985bb26791d5d392e6463,cd867fedea68f05e4239bb303e795b1710ee2ed771d985bb26791d5d392e6463,Anonymized review source; original local provenance is withheld,True,8406
STAT,survey_sources/code/13_differential_sensitivity.py,analysis/workspace/survey_sources/code/13_differential_sensitivity.py,legacy_survey_build_dependency,7cdc15362b7b18de7843c9897e85d0c02913a1a9aa9fa02e83854f8446f1cc57,7cdc15362b7b18de7843c9897e85d0c02913a1a9aa9fa02e83854f8446f1cc57,Anonymized review source; original local provenance is withheld,True,11436
STAT,survey_sources/code/14_correction.py,analysis/workspace/survey_sources/code/14_correction.py,legacy_survey_build_dependency,67a302826a0349cb87ec123c6123d54d8ebc9964c6a4bb5eb19c450ee5e297f8,67a302826a0349cb87ec123c6123d54d8ebc9964c6a4bb5eb19c450ee5e297f8,Anonymized review source; original local provenance is withheld,True,6622
